<?xml version="1.0" encoding="UTF-8"?><gupdate xmlns="http://www.google.com/update2/response" protocol="2.0" server="prod"><daystart elapsed_days="6336" elapsed_seconds="16042"/><app appid="aieoplapobidheellikiicjfpamacpfd" status="error-unknownApplication"/><app appid="gfenjblodoldnbiddmggcbkcapiolbig" cohort="1::" cohortname="" status="ok"><ping status="ok"/><updatecheck _esbAllowlist="false" status="noupdate"/></app><app appid="hflefjhkfeiaignkclmphmokmmbhbhik" cohort="1::" cohortname="" status="ok"><ping status="ok"/><updatecheck _esbAllowlist="false" status="noupdate"/></app></gupdate>